Workbook

Sheet by search term
A1: RegionID | B1: Region | C1: Hamburger | D1: Milkshake | E1: Breakup | G1: # of regions | H1: =COUNTA(B2:B52) -> 51 | J1: date range | K1: 2/1/24 - 2/28/25
A2: 1 | B2: Alabama | C2: 0.65 | D2: 0.23 | E2: 0.12
A3: 2 | B3: Alaska | C3: 0.71 | D3: 0.15 | E3: 0.14
A4: 3 | B4: Arizona | C4: 0.66 | D4: 0.21 | E4: 0.13
A5: 4 | B5: Arkansas | C5: 0.68 | D5: 0.2 | E5: 0.12
A6: 5 | B6: California | C6: 0.64 | D6: 0.2 | E6: 0.16
A7: 6 | B7: Colorado | C7: 0.68 | D7: 0.17 | E7: 0.15
A8: 7 | B8: Connecticut | C8: 0.64 | D8: 0.21 | E8: 0.15
A9: 8 | B9: Delaware | C9: 0.6 | D9: 0.26 | E9: 0.14
A10: 9 | B10: District of Columbia | C10: 0.67 | D10: 0.17 | E10: 0.16
A11: 10 | B11: Florida | C11: 0.63 | D11: 0.22 | E11: 0.15
A12: 11 | B12: Georgia | C12: 0.63 | D12: 0.23 | E12: 0.14
A13: 12 | B13: Hawaii | C13: 0.73 | D13: 0.14 | E13: 0.13
... A52: 51 | B52: Wyoming | C52: 0.71 | D52: 0.16 | E52: 0.13

Sheet sales region lookup
A1: State | B1: Sales Region | C1: Hamburger | D1: Milkshake
A2: Washington | B2: Northwest | C2: =VLOOKUP(A2,'by search term'!B:C,2,FALSE) -> 0.68 | D2: =_xlfn.XLOOKUP(A2,'by search term'!$B$2:$B$52,'by search term'!$D$2:$D$52,"not found") -> 0.18
A3: Oregon | B3: Northwest | C3: =VLOOKUP(A3,'by search term'!B:C,2,FALSE) -> 0.69 | D3: =_xlfn.XLOOKUP(A3,'by search term'!$B$2:$B$52,'by search term'!$D$2:$D$52,"not found") -> 0.18
A4: Idaho | B4: Northwest | C4: =VLOOKUP(A4,'by search term'!B:C,2,FALSE) -> 0.68 | D4: =_xlfn.XLOOKUP(A4,'by search term'!$B$2:$B$52,'by search term'!$D$2:$D$52,"not found") -> 0.19
A5: Montana | B5: Northwest | C5: =VLOOKUP(A5,'by search term'!B:C,2,FALSE) -> 0.74 | D5: =_xlfn.XLOOKUP(A5,'by search term'!$B$2:$B$52,'by search term'!$D$2:$D$52,"not found") -> 0.14
A6: North Dakota | B6: North Central | C6: =VLOOKUP(A6,'by search term'!B:C,2,FALSE) -> 0.69 | D6: =_xlfn.XLOOKUP(A6,'by search term'!$B$2:$B$52,'by search term'!$D$2:$D$52,"not found") -> 0.19
A7: South Dakota | B7: =TRIM(B6) -> North Central | C7: =VLOOKUP(A7,'by search term'!B:C,2,FALSE) -> 0.76 | D7: =_xlfn.XLOOKUP(A7,'by search term'!$B$2:$B$52,'by search term'!$D$2:$D$52,"not found") -> 0.14 | E7: =TRIM(E6) | F7: =TRIM(F6) | H7: =TRIM(F7)
A8: Nebraska | B8: =TRIM(B6) -> North Central | C8: =VLOOKUP(A8,'by search term'!B:C,2,FALSE) -> 0.69 | D8: =_xlfn.XLOOKUP(A8,'by search term'!$B$2:$B$52,'by search term'!$D$2:$D$52,"not found") -> 0.18 | E8: =TRIM(E6) | F8: =TRIM(F6) | H8: =TRIM(F8)
A9: Minnesota | B9: =TRIM(B7) -> North Central | C9: =VLOOKUP(A9,'by search term'!B:C,2,FALSE) -> 0.68 | D9: =_xlfn.XLOOKUP(A9,'by search term'!$B$2:$B$52,'by search term'!$D$2:$D$52,"not found") -> 0.19
A10: Wisconsin | B10: =TRIM(B8) -> North Central | C10: =VLOOKUP(A10,'by search term'!B:C,2,FALSE) -> 0.66 | D10: =_xlfn.XLOOKUP(A10,'by search term'!$B$2:$B$52,'by search term'!$D$2:$D$52,"not found") -> 0.19 | H10: =TRIM(F10)
A11: Michigan | B11: =TRIM(B9) -> North Central | C11: =VLOOKUP(A11,'by search term'!B:C,2,FALSE) -> 0.65 | D11: =_xlfn.XLOOKUP(A11,'by search term'!$B$2:$B$52,'by search term'!$D$2:$D$52,"not found") -> 0.2 | H11: =TRIM(F11)
K23: Row Labels | L23: Sum of Hamburger | M23: Sum of Milkshake
K24: Idaho | L24: 0.68 | M24: 0.19
K25: Michigan | L25: 0.65 | M25: 0.2
K26: Minnesota | L26: 0.68 | M26: 0.19
K27: Montana | L27: 0.74 | M27: 0.14
K28: Nebraska | L28: 0.69 | M28: 0.18
K29: North Dakota | L29: 0.69 | M29: 0.19
K30: Oregon | L30: 0.69 | M30: 0.18
K31: South Dakota | L31: 0.76 | M31: 0.14
K32: Washington | L32: 0.68 | M32: 0.18
K33: Wisconsin | L33: 0.66 | M33: 0.19
K34: Grand Total | L34: 6.92 | M34: 1.78

Sheet by state
A1: Region | B1: Alabama | C1: Alaska | D1: Arizona | E1: Arkansas | F1: California | G1: Colorado | H1: Connecticut | I1: Delaware | J1: District of Columbia | K1: Florida | L1: Georgia | M1: Hawaii | N1: Idaho | O1: Illinois | P1: Indiana | Q1: Iowa | R1: Kansas | S1: Kentucky | T1: Louisiana | U1: Maine | V1: Maryland | W1: Massachusetts | X1: Michigan | Y1: Minnesota | Z1: Mississippi | AA1: Missouri | AB1: Montana | AC1: Nebraska | AD1: Nevada | AE1: New Hampshire | AF1: New Jersey | AG1: New Mexico | AH1: New York | AI1: North Carolina | AJ1: North Dakota | AK1: Ohio | AL1: Oklahoma | AM1: Oregon | AN1: Pennsylvania | AO1: Rhode Island | AP1: South Carolina | AQ1: South Dakota | AR1: Tennessee | AS1: Texas | AT1: Utah | AU1: Vermont | AV1: Virginia | AW1: Washington | AX1: West Virginia | AY1: Wisconsin | AZ1: Wyoming
A2: Hamburger | B2: 0.65 | C2: 0.71 | D2: 0.66 | E2: 0.68 | F2: 0.64 | G2: 0.68 | H2: 0.64 | I2: 0.6 | J2: 0.67 | K2: 0.63 | L2: 0.63 | M2: 0.73 | N2: 0.68 | O2: 0.62 | P2: 0.65 | Q2: 0.69 | R2: 0.65 | S2: 0.64 | T2: 0.67 | U2: 0.69 | V2: 0.62 | W2: 0.63 | X2: 0.65 | Y2: 0.68 | Z2: 0.68 | AA2: 0.67 | AB2: 0.74 | AC2: 0.69 | AD2: 0.68 | AE2: 0.67 | AF2: 0.62 | AG2: 0.67 | AH2: 0.64 | AI2: 0.64 | AJ2: 0.69 | AK2: 0.63 | AL2: 0.68 | AM2: 0.69 | AN2: 0.61 | AO2: 0.65 | AP2: 0.67 | AQ2: 0.76 | AR2: 0.65 | AS2: 0.66 | AT2: 0.67 | AU2: 0.69 | AV2: 0.64 | AW2: 0.68 | AX2: 0.62 | AY2: 0.66 | AZ2: 0.71
A3: Milkshake | B3: 0.23 | C3: 0.15 | D3: 0.21 | E3: 0.2 | F3: 0.2 | G3: 0.17 | H3: 0.21 | I3: 0.26 | J3: 0.17 | K3: 0.22 | L3: 0.23 | M3: 0.14 | N3: 0.19 | O3: 0.23 | P3: 0.22 | Q3: 0.19 | R3: 0.2 | S3: 0.23 | T3: 0.19 | U3: 0.18 | V3: 0.23 | W3: 0.2 | X3: 0.2 | Y3: 0.19 | Z3: 0.2 | AA3: 0.19 | AB3: 0.14 | AC3: 0.18 | AD3: 0.2 | AE3: 0.2 | AF3: 0.23 | AG3: 0.18 | AH3: 0.2 | AI3: 0.23 | AJ3: 0.19 | AK3: 0.23 | AL3: 0.2 | AM3: 0.18 | AN3: 0.24 | AO3: 0.22 | AP3: 0.22 | AQ3: 0.14 | AR3: 0.22 | AS3: 0.2 | AT3: 0.2 | AU3: 0.17 | AV3: 0.22 | AW3: 0.18 | AX3: 0.25 | AY3: 0.19 | AZ3: 0.16
A4: Breakup | B4: 0.12 | C4: 0.14 | D4: 0.13 | E4: 0.12 | F4: 0.16 | G4: 0.15 | H4: 0.15 | I4: 0.14 | J4: 0.16 | K4: 0.15 | L4: 0.14 | M4: 0.13 | N4: 0.13 | O4: 0.15 | P4: 0.13 | Q4: 0.12 | R4: 0.15 | S4: 0.13 | T4: 0.14 | U4: 0.13 | V4: 0.15 | W4: 0.17 | X4: 0.15 | Y4: 0.13 | Z4: 0.12 | AA4: 0.14 | AB4: 0.12 | AC4: 0.13 | AD4: 0.12 | AE4: 0.13 | AF4: 0.15 | AG4: 0.15 | AH4: 0.16 | AI4: 0.13 | AJ4: 0.12 | AK4: 0.14 | AL4: 0.12 | AM4: 0.13 | AN4: 0.15 | AO4: 0.13 | AP4: 0.11 | AQ4: 0.1 | AR4: 0.13 | AS4: 0.14 | AT4: 0.13 | AU4: 0.14 | AV4: 0.14 | AW4: 0.14 | AX4: 0.13 | AY4: 0.15 | AZ4: 0.13
